{
  "command.activateIcons": "Material Icons: Активировать иконки темы",
  "command.toggleIconPacks": "Material Icons: Настроить набор иконок",
  "command.changeFolderTheme": "Material Icons: Изменить тему папки",
  "command.changeFolderColor": "Material Icons: Изменить цвет папки",
  "command.restoreDefaultConfig": "Material Icons: Восстановить настройки по умолчанию",
  "command.toggleExplorerArrows": "Material Icons: Скрыть стрелки проводника перед папкой",
  "command.changeOpacity": "Material Icons: Изменение непрозрачности",
  "configuration.title": "Material Icons",
  "configuration.files.associations": "Настройка пользовательских ассоциаций значков файлов.",
  "configuration.folders.associations": "Настройка пользовательских ассоциаций значков папок.",
  "configuration.languages.associations": "Настройка ассоциаций значков пользовательского языка.",
  "configuration.showWelcomeMessage": "Показывать приветственное сообщение после первой установки.",
  "configuration.showUpdateMessage": "Показывать сообщение об обновлении после каждого обновления.",
  "configuration.showReloadMessage": "Показывать сообщение перезагрузки.",
  "configuration.activeIconPack": "Выберите набор значков, которые включают определенные значки.",
  "configuration.activeIconPack.angular": "Иконки для Angular.",
  "configuration.activeIconPack.angular_ngrx": "Иконки для Angular и ngrx.",
  "configuration.activeIconPack.react": "Иконки для React.",
  "configuration.activeIconPack.react_redux": "Иконки для React и Redux.",
  "configuration.activeIconPack.vue": "Иконки для Vue.",
  "configuration.activeIconPack.vue_vuex": "Иконки для Vue и Vuex.",
  "configuration.activeIconPack.nest": "Иконки для NestJS.",
  "configuration.activeIconPack.none": "Папка с иконками не включена.",
  "configuration.folders.theme": "Установить тип иконок для папок.",
  "configuration.folders.theme.specific": "Выберите конкретные значки папок.",
  "configuration.folders.theme.classic": "Выберите классические значки папок.",
  "configuration.folders.theme.none": "Нет значков папок.",
  "configuration.folders.color": "Изменение цвета иконок папок.",
  "configuration.hidesExplorerArrows": "Скрыть стрелки проводника перед папкой.",
  "configuration.opacity": "Измените прозрачность значков."
}
